{"cameraMode":{"drawMode":0,"name":"Shaded","section":"Shading Mode"},"sceneLighting":true,"audioPlay":false,"sceneViewState":{"showFog":true,"showMaterialUpdate":false,"showSkybox":true,"showFlares":true,"showImageEffects":true,"showParticleSystems":true},"in2DMode":false,"pivot":{"x":2.275714874267578,"y":0.3706786036491394,"z":1.978326678276062},"rotation":{"x":0.22549280524253846,"y":0.7406473159790039,"z":-0.2995314300060272,"w":0.5575708150863648},"size":12.361625671386719,"orthographic":false}