{"cameraMode":{"drawMode":0,"name":"Shaded","section":"Shading Mode"},"sceneLighting":true,"audioPlay":false,"sceneViewState":{"showFog":true,"showMaterialUpdate":false,"showSkybox":true,"showFlares":true,"showImageEffects":true,"showParticleSystems":true},"in2DMode":false,"pivot":{"x":5.598670959472656,"y":-2.4077677726745607,"z":-0.32335132360458376},"rotation":{"x":0.10242564231157303,"y":0.8975427150726318,"z":-0.3077424168586731,"w":0.2987331748008728},"size":12.361625671386719,"orthographic":false}