{"cameraMode":{"drawMode":0,"name":"Shaded","section":"Shading Mode"},"sceneLighting":true,"audioPlay":false,"sceneViewState":{"showFog":true,"showMaterialUpdate":true,"showSkybox":true,"showFlares":true,"showImageEffects":true,"showParticleSystems":true},"in2DMode":false,"pivot":{"x":5.437245845794678,"y":-0.2814807891845703,"z":6.039022445678711},"rotation":{"x":-0.4417225122451782,"y":0.0043150740675628189,"z":-0.0020918326918035747,"w":-0.8971920609474182},"size":15.000057220458985,"orthographic":false}