{"cameraMode":{"drawMode":0,"name":"Shaded","section":"Shading Mode"},"sceneLighting":true,"audioPlay":false,"sceneViewState":{"showFog":true,"showMaterialUpdate":true,"showSkybox":true,"showFlares":true,"showImageEffects":true,"showParticleSystems":true},"in2DMode":false,"pivot":{"x":3.5108213424682619,"y":1.5952568054199219,"z":0.5580215454101563},"rotation":{"x":-0.17116029560565949,"y":-0.82811439037323,"z":0.35797393321990969,"w":-0.3960527181625366},"size":17.732473373413087,"orthographic":false}