{"cameraMode":{"drawMode":0,"name":"Shaded","section":"Shading Mode"},"sceneLighting":false,"audioPlay":false,"sceneViewState":{"showFog":true,"showMaterialUpdate":true,"showSkybox":false,"showFlares":true,"showImageEffects":true,"showParticleSystems":true},"in2DMode":false,"pivot":{"x":7.670000076293945,"y":4.650000095367432,"z":-4.139999866485596},"rotation":{"x":-0.648639440536499,"y":0.08444537222385407,"z":-0.07307128608226776,"w":-0.7531648278236389},"size":2.8764336109161379,"orthographic":false}