{"cameraMode":{"drawMode":0,"name":"Shaded","section":"Shading Mode"},"sceneLighting":false,"audioPlay":false,"sceneViewState":{"showFog":true,"showMaterialUpdate":true,"showSkybox":false,"showFlares":true,"showImageEffects":true,"showParticleSystems":true},"in2DMode":false,"pivot":{"x":3.53572154045105,"y":0.19999998807907105,"z":6.333441257476807},"rotation":{"x":0.455546498298645,"y":-0.056804604828357699,"z":0.029145950451493264,"w":0.8879888653755188},"size":2.4367308616638185,"orthographic":false}