{"cameraMode":{"drawMode":0,"name":"Shaded","section":"Shading Mode"},"sceneLighting":false,"audioPlay":false,"sceneViewState":{"showFog":true,"showMaterialUpdate":true,"showSkybox":false,"showFlares":true,"showImageEffects":true,"showParticleSystems":true},"in2DMode":false,"pivot":{"x":12.789999961853028,"y":6.849999904632568,"z":-4.6467366218566898},"rotation":{"x":0.35835224390029909,"y":-0.06796100735664368,"z":0.02616807259619236,"w":0.9308072328567505},"size":4.488374710083008,"orthographic":false}