{"cameraMode":{"drawMode":0,"name":"Shaded","section":"Shading Mode"},"sceneLighting":true,"audioPlay":false,"sceneViewState":{"showFog":true,"showMaterialUpdate":true,"showSkybox":true,"showFlares":true,"showImageEffects":true,"showParticleSystems":true},"in2DMode":false,"pivot":{"x":20.036540985107423,"y":2.1777679920196535,"z":7.624789714813232},"rotation":{"x":-0.3608168363571167,"y":-0.603489100933075,"z":0.3517794907093048,"w":-0.6183205246925354},"size":51.0224494934082,"orthographic":false}