{"cameraMode":{"drawMode":0,"name":"Shaded","section":"Shading Mode"},"sceneLighting":true,"audioPlay":false,"sceneViewState":{"showFog":true,"showMaterialUpdate":true,"showSkybox":true,"showFlares":true,"showImageEffects":true,"showParticleSystems":true},"in2DMode":false,"pivot":{"x":0.7979479432106018,"y":26.64684295654297,"z":15.51902961730957},"rotation":{"x":-0.0671602115035057,"y":-0.9041777849197388,"z":0.3924707770347595,"w":-0.15504862368106843},"size":15.000057220458985,"orthographic":false}