{"cameraMode":{"drawMode":0,"name":"Shaded","section":"Shading Mode"},"sceneLighting":true,"audioPlay":false,"sceneViewState":{"showFog":true,"showMaterialUpdate":true,"showSkybox":true,"showFlares":true,"showImageEffects":true,"showParticleSystems":true},"in2DMode":false,"pivot":{"x":2.322863817214966,"y":32.07038497924805,"z":1.2462934255599976},"rotation":{"x":0.42122092843055727,"y":0.39483359456062319,"z":-0.21095766127109528,"w":0.7888539433479309},"size":15.000057220458985,"orthographic":false}