{"cameraMode":{"drawMode":0,"name":"Shaded","section":"Shading Mode"},"sceneLighting":false,"audioPlay":false,"sceneViewState":{"showFog":true,"showMaterialUpdate":true,"showSkybox":false,"showFlares":true,"showImageEffects":true,"showParticleSystems":true},"in2DMode":false,"pivot":{"x":2.1500000953674318,"y":1.5049999952316285,"z":-5.3049635887146},"rotation":{"x":0.2335735410451889,"y":0.6060447692871094,"z":-0.19252964854240418,"w":0.7356646656990051},"size":3.0499157905578615,"orthographic":false}