{"cameraMode":{"drawMode":0,"name":"Shaded","section":"Shading Mode"},"sceneLighting":true,"audioPlay":false,"sceneViewState":{"showFog":true,"showMaterialUpdate":true,"showSkybox":true,"showFlares":true,"showImageEffects":true,"showParticleSystems":true},"in2DMode":false,"pivot":{"x":1.2852115631103516,"y":0.9498564004898071,"z":7.401152610778809},"rotation":{"x":0.44700485467910769,"y":-0.4311071038246155,"z":0.2607083022594452,"w":0.7391668558120728},"size":4.355303764343262,"orthographic":false}