{"cameraMode":{"drawMode":0,"name":"Shaded","section":"Shading Mode"},"sceneLighting":false,"audioPlay":false,"sceneViewState":{"showFog":true,"showMaterialUpdate":true,"showSkybox":false,"showFlares":true,"showImageEffects":true,"showParticleSystems":true},"in2DMode":false,"pivot":{"x":0.3100000023841858,"y":1.5049999952316285,"z":-5.3049635887146},"rotation":{"x":0.49850887060165408,"y":0.06537874788045883,"z":-0.037854939699172977,"w":0.8636537790298462},"size":3.0499157905578615,"orthographic":false}